{"_step":0,"confusion_matrix":{"path":"media/images/confusion_matrix_0_c36183c36eaa0cc765d5.png","format":"png","width":1000,"height":1000,"_type":"image-file","sha256":"c36183c36eaa0cc765d50764f774a6f4bda895b731518d7cd92d434d13a8b088","size":95049},"AUC":0.948374317141282,"_wandb":{"runtime":3},"_runtime":3,"_timestamp":1.776367741530205e+09}